,count,mean,std,min,25%,50%,75%,max,趋势斜率,2阶中心距,波谷,波峰
10cm湿度(kg/m2),123.0,14.567723577235773,2.849444528269581,9.64,12.46,14.24,16.645,22.1,0.009004140279372123,8.053323273183949,22,22
40cm湿度(kg/m2),123.0,42.38308943089434,7.476832538141534,29.71,35.224999999999994,42.71,46.76,61.7,0.08853839109517485,55.448528666798865,18,18
100cm湿度(kg/m2),123.0,55.351056910569106,14.53628477649265,42.36,44.695,48.39,60.86,93.45,0.2384706117552979,209.58565985854977,14,14
200cm湿度(kg/m2),123.0,167.21861788617895,0.9767739853036576,164.48,166.785,167.37,167.85500000000002,168.56,-0.025219138151191187,0.9463306100865916,0,0
